Cluster ID,Patients with Same Diagnosis,Average Age Differences,Patients with Same Stage
0,24,5.463709677419355,30
2,8,7.470355731225297,23
1,22,5.561576354679803,29
5,23,6.972043010752688,31
7,8,5.8268398268398265,22
4,28,7.223529411764706,35
6,15,6.018115942028985,22
3,17,6.615942028985507,24
